doleva,corrans,sipkaframu,nahore,pauza,blok,no,no2
0,right,6,1,0,0,-7,-7
1,left,6,1,0,0,-6,-6
0,right,6,0,0,0,-5,-5
1,left,6,0,0,0,-4,-4
0,right,6,0,0,0,-3,-3
1,left,6,1,0,0,-2,-2
1,left,6,0,0,0,-1,-1
0,right,6,1,0,0,0,0
1,left,2,1,1,0,2,25
0,right,1,1,0,0,4,25
1,left,1,0,0,0,6,26
0,right,1,1,0,0,7,27
1,left,1,1,0,0,12,28
0,right,1,0,0,0,13,29
0,right,1,0,0,0,14,30
0,right,1,0,0,0,16,31
1,left,1,1,0,0,17,32
0,right,1,1,0,0,19,33
0,right,1,0,0,0,20,34
1,left,2,0,0,0,18,35
1,left,1,1,0,0,22,35
1,left,1,0,0,0,23,36
1,left,1,0,0,0,25,37
0,right,1,0,0,0,26,38
0,right,1,0,0,0,28,39
1,left,1,0,0,0,29,40
0,right,1,1,0,0,32,41
0,right,1,0,0,0,35,42
0,right,1,0,0,0,37,43
0,right,1,1,0,0,44,44
0,right,2,0,0,0,24,45
1,left,1,0,0,0,47,45
0,right,1,0,0,0,52,46
1,left,1,1,0,0,56,47
1,left,1,1,0,0,59,48
0,right,1,0,0,0,60,49
1,left,1,1,0,0,61,50
0,right,1,0,0,0,63,51
1,left,1,0,0,0,65,52
1,left,1,1,0,0,67,53
1,left,1,0,0,0,68,54
0,right,2,1,0,0,38,55
0,right,1,1,0,0,69,55
0,right,1,0,0,0,71,56
1,left,1,0,0,0,72,57
1,left,1,1,0,0,73,58
1,left,1,1,0,0,74,59
0,right,1,1,0,0,77,60
0,right,1,1,0,0,78,61
0,right,1,1,0,0,80,62
1,left,1,1,0,0,81,63
1,left,1,1,0,0,88,64
1,left,2,1,0,0,41,65
1,left,1,1,0,0,89,65
1,left,1,1,0,0,91,66
0,right,1,1,0,0,93,67
1,left,1,1,0,0,94,68
0,right,1,0,0,0,95,69
0,right,1,1,0,0,96,70
0,right,1,1,0,0,98,71
1,left,1,1,0,0,99,72
1,left,1,1,0,0,101,73
0,right,1,0,0,0,102,74
0,right,2,1,0,0,51,75
0,right,1,0,0,0,107,75
1,left,1,0,0,0,108,76
0,right,1,1,0,0,110,77
1,left,1,0,0,0,113,78
0,right,1,0,0,0,114,79
0,right,1,1,0,0,117,80
1,left,1,1,0,0,118,81
0,right,1,0,0,0,119,82
1,left,1,0,0,0,123,83
1,left,1,0,0,0,124,84
0,right,2,0,0,0,57,85
1,left,1,1,0,0,127,85
0,right,1,1,0,0,131,86
0,right,1,1,0,0,132,87
0,right,1,0,0,0,134,88
1,left,1,1,0,0,135,89
0,right,1,1,0,0,136,90
1,left,1,0,0,0,141,91
1,left,1,0,0,0,142,92
1,left,1,0,0,0,147,93
0,right,1,0,0,0,149,94
0,right,2,0,0,0,79,95
1,left,1,0,0,0,150,95
1,left,1,1,0,0,151,96
1,left,1,0,0,0,154,97
1,left,1,1,0,0,159,98
0,right,1,1,0,0,160,99
1,left,1,0,0,0,161,100
1,left,1,0,0,0,163,101
1,left,1,1,0,0,165,102
0,right,1,1,0,0,167,103
1,left,1,1,0,0,171,104
1,left,2,1,1,0,85,105
0,right,0,0,0,0,1,105
1,left,0,0,0,0,86,106
1,left,1,0,0,0,234,107
0,right,1,1,0,0,220,108
1,left,0,0,0,0,92,109
1,left,0,0,0,0,84,110
1,left,1,0,0,0,189,111
1,left,0,1,0,0,15,112
1,left,1,1,0,0,241,113
0,right,1,1,0,0,209,114
0,right,2,0,0,0,90,115
0,right,1,0,0,0,258,115
1,left,1,1,0,0,188,116
1,left,1,0,0,0,244,117
0,right,1,1,0,0,172,118
0,right,0,0,0,0,64,119
1,left,0,1,0,0,45,120
0,right,0,1,0,0,75,121
0,right,1,0,0,0,216,122
0,right,1,0,0,0,173,123
0,right,1,0,0,0,262,124
1,left,2,1,0,0,97,125
0,right,0,0,0,0,27,125
1,left,0,1,0,0,30,126
1,left,0,1,0,0,49,127
0,right,1,1,0,0,195,128
0,right,0,1,0,0,36,129
1,left,0,1,0,0,76,130
1,left,0,0,0,0,31,131
1,left,0,0,0,0,10,132
1,left,0,0,0,0,34,133
0,right,0,1,0,0,70,134
0,right,2,1,0,0,120,135
0,right,1,0,0,0,242,135
1,left,0,1,0,0,46,136
1,left,0,0,0,0,9,137
1,left,1,0,0,0,226,138
0,right,1,0,0,0,205,139
0,right,1,1,0,0,174,140
0,right,0,0,0,0,82,141
1,left,1,0,0,0,254,142
1,left,1,1,0,0,230,143
0,right,1,1,0,0,261,144
1,left,2,1,0,0,129,145
0,right,1,1,0,0,222,145
1,left,1,1,0,0,193,146
0,right,0,1,0,0,50,147
1,left,0,1,0,0,3,148
0,right,0,0,0,0,21,149
0,right,1,1,0,0,202,150
0,right,1,0,0,0,203,151
1,left,0,1,0,0,48,152
0,right,0,0,0,0,43,153
1,left,1,0,0,0,197,154
0,right,2,1,0,0,133,155
0,right,1,0,0,0,177,155
1,left,0,0,0,0,11,156
1,left,0,0,0,0,83,157
0,right,0,1,0,0,66,158
1,left,1,1,0,0,179,159
1,left,1,0,0,0,178,160
1,left,0,1,0,0,5,161
0,right,0,0,0,0,39,162
0,right,1,1,0,0,227,163
1,left,1,1,0,0,215,164
0,right,2,1,0,0,144,165
0,right,1,0,0,0,224,165
0,right,1,0,0,0,250,166
1,left,1,0,0,0,211,167
0,right,0,1,0,0,54,168
0,right,0,0,0,0,33,169
1,left,1,0,0,0,194,170
0,right,1,0,0,0,247,171
0,right,0,0,0,0,53,172
0,right,0,1,0,0,58,173
1,left,1,0,0,0,183,174
1,left,2,0,0,0,155,175
0,right,0,0,0,0,55,175
1,left,0,1,0,0,40,176
0,right,1,1,0,0,256,177
0,right,0,0,0,0,8,178
1,left,0,1,0,0,87,179
1,left,1,0,0,0,213,180
0,right,1,1,0,0,192,181
1,left,1,1,0,0,206,182
0,right,0,1,0,0,42,183
0,right,0,0,0,0,62,184
0,right,2,0,1,0,168,185
0,right,0,1,0,0,100,185
1,left,0,1,0,0,103,186
0,right,0,1,0,0,104,187
1,left,0,0,0,0,105,188
0,right,0,0,0,0,106,189
0,right,0,1,0,0,109,190
1,left,0,0,0,0,111,191
1,left,0,0,0,0,112,192
0,right,0,1,0,0,115,193
0,right,0,1,0,0,116,194
1,left,2,0,0,0,170,195
1,left,0,0,0,0,121,195
1,left,0,1,0,0,122,196
1,left,0,0,0,0,125,197
1,left,0,0,0,0,126,198
0,right,0,1,0,0,128,199
0,right,0,0,0,0,130,200
1,left,0,0,0,0,137,201
1,left,0,1,0,0,138,202
1,left,0,1,0,0,139,203
0,right,0,1,0,0,140,204
0,right,2,0,0,0,176,205
0,right,0,0,0,0,143,205
1,left,0,0,0,0,145,206
0,right,0,0,0,0,146,207
1,left,0,0,0,0,148,208
0,right,0,1,0,0,152,209
0,right,0,1,0,0,153,210
0,right,0,1,0,0,156,211
1,left,0,1,0,0,157,212
1,left,0,1,0,0,158,213
0,right,0,1,0,0,162,214
1,left,2,0,0,0,185,215
1,left,0,1,0,0,164,215
0,right,0,0,0,0,166,216
0,right,0,1,0,0,169,217
1,left,0,1,0,0,175,218
0,right,0,0,0,0,180,219
0,right,0,0,0,0,181,220
1,left,0,0,0,0,182,221
1,left,0,0,0,0,184,222
0,right,0,1,0,0,186,223
1,left,0,0,0,0,187,224
1,left,2,1,0,0,196,225
0,right,0,0,0,0,190,225
1,left,0,1,0,0,191,226
1,left,0,1,0,0,198,227
1,left,0,0,0,0,199,228
1,left,0,0,0,0,200,229
0,right,0,0,0,0,201,230
0,right,0,0,0,0,207,231
0,right,0,0,0,0,208,232
0,right,0,0,0,0,210,233
0,right,0,1,0,0,212,234
1,left,2,0,0,0,204,235
0,right,0,1,0,0,214,235
1,left,0,0,0,0,217,236
0,right,0,1,0,0,218,237
0,right,0,1,0,0,219,238
1,left,0,1,0,0,221,239
0,right,0,1,0,0,223,240
1,left,0,0,0,0,225,241
0,right,0,1,0,0,228,242
1,left,0,0,0,0,231,243
1,left,0,1,0,0,232,244
0,right,2,1,0,0,229,245
0,right,0,0,0,0,233,245
0,right,0,1,0,0,235,246
1,left,0,1,0,0,236,247
1,left,0,1,0,0,237,248
1,left,0,1,0,0,238,249
1,left,0,0,0,0,239,250
0,right,0,0,0,0,240,251
1,left,0,1,0,0,243,252
0,right,0,1,0,0,245,253
1,left,0,0,0,0,246,254
1,left,2,0,0,0,251,255
1,left,0,1,0,0,248,255
1,left,0,0,0,0,249,256
0,right,0,0,0,0,252,257
1,left,0,0,0,0,253,258
0,right,0,0,0,0,255,259
0,right,0,0,0,0,257,260
0,right,0,1,0,0,259,261
1,left,0,1,0,0,260,262
1,left,0,1,0,0,263,263
0,right,0,0,0,0,264,264